{
  "js" : {
    "12" : {
      "-JKVwXgnfg4POT9MArjy" : {
        "t" : 1397490853983,
        "y" : 0,
        "x" : 0
      },
      "-JKVwXl8I_bLZNqxP36c" : {
        "t" : 1397490854551,
        "y" : 444,
        "x" : 417
      },
      "-JKVwXj0LD-uRKDsT2Om" : {
        "t" : 1397490854503,
        "y" : 444,
        "x" : 417
      }
    }
  },
  "elm" : {
    "33" : {
      "-JKRgqJIRPH2EG-edZb5" : {
        "t" : 1397419631953,
        "y" : 249.59999084472656,
        "x" : 48.79999923706055
      },
      "-JKRhRQi31pr9AP1p1Rr" : {
        "t" : 1397419787709,
        "y" : 294.3999938964844,
        "x" : 152.8000030517578
      },
      "-JKRffOszNGfgwNdnO_X" : {
        "t" : 1397419324585,
        "y" : 608,
        "x" : 346.3999938964844
      }
    }
  }
}
