{
 "-JKRgqJIRPH2EG-edZb5" : {
   "t" : 1397419631953,
   "y" : 249.59999084472656,
   "x" : 48.79999923706055
 },
 "-JKRhRQi31pr9AP1p1Rr" : {
   "t" : 1397419787709,
   "y" : 294.3999938964844,
   "x" : 152.8000030517578
 },
 "-JKRffOszNGfgwNdnO_X" : {
   "t" : 1397419324585,
   "y" : 608,
   "x" : 346.3999938964844
 },
 "-JKRgs5qeRlBls9W70QP" : {
   "t" : 1397419639282,
   "y" : 248.79998779296875,
   "x" : 185.59999084472656
 },
 "-JKRgrlezUutYtInNko9" : {
   "t" : 1397419637927,
   "y" : 260,
   "x" : 182.39999389648438
 },
 "-JKReUISW0UzY59i5q5B" : {
   "t" : 1397419013411,
   "y" : 584.7999877929688,
   "x" : 362.3999938964844
 },
 "-JKRhRXMZvobAWKKD-fL" : {
   "t" : 1397419788499,
   "y" : 292.79998779296875,
   "x" : 165.59999084472656
 },
 "-JKReUCJYTZJ0GkHbIf4" : {
   "t" : 1397419011417,
   "y" : 347.1999816894531,
   "x" : 716.7999877929688
 },
 "-JKReSEXVgmXguQ99NsE" : {
   "t" : 1397419004230,
   "y" : 139.1999969482422,
   "x" : 752.7999877929688
 },
 "-JKReU2ZMJwIQhqI1tR5" : {
   "t" : 1397419011789,
   "y" : 492.79998779296875,
   "x" : 358.3999938964844
 },
 "-JKRff6-1MkX8cXR5s80" : {
   "t" : 1397419323908,
   "y" : 596.7999877929688,
   "x" : 352.79998779296875
 },
 "-JKRhRRvqnzN9E3QzDY3" : {
   "t" : 1397419787776,
   "y" : 294.3999938964844,
   "x" : 152.8000030517578
 },
 "-JKRff6sxRP85xGq3oZ8" : {
   "t" : 1397419323965,
   "y" : 596.7999877929688,
   "x" : 352.79998779296875
 },
 "-JKRhRd74pEhcJPCSVRF" : {
   "t" : 1397419788929,
   "y" : 307.1999816894531,
   "x" : 177.59999084472656
 },
 "-JKRgrm7dT08p2yUtZa8" : {
   "t" : 1397419637960,
   "y" : 260,
   "x" : 182.39999389648438
 },
 "-JKRn8AkfyvJvOZP8VrM" : {
   "t" : 1397421282035,
   "y" : 0,
   "x" : 0
 },
 "-JKRhRWPkypE6yTYyRbZ" : {
   "t" : 1397419788437,
   "y" : 292.79998779296875,
   "x" : 165.59999084472656
 },
 "-JKRekh0h9fue6PjLHCs" : {
   "t" : 1397419084676,
   "y" : 626.3999633789062,
   "x" : 228
 },
 "-JKRhRcgsl03vcbwTy24" : {
   "t" : 1397419788904,
   "y" : 307.1999816894531,
   "x" : 177.59999084472656
 },
 "-JKRffP2Kh0Rm1ghMhI9" : {
   "t" : 1397419324542,
   "y" : 608,
   "x" : 346.3999938964844
 },
 "-JKReUK9ihqHXA6a4zgw" : {
   "t" : 1397419013519,
   "y" : 584.7999877929688,
   "x" : 362.3999938964844
 },
 "-JKRgngvpk5z1bty6EFx" : {
   "t" : 1397419620880,
   "y" : 218.39999389648438,
   "x" : 369.6000061035156
 },
 "-JKRgrxLRQVtaQyqaUmQ" : {
   "t" : 1397419638674,
   "y" : 234.39999389648438,
   "x" : 182.39999389648438
 },
 "-JKRgrwg90t2V5EYRqM1" : {
   "t" : 1397419638634,
   "y" : 234.39999389648438,
   "x" : 182.39999389648438
 },
 "-JKRekVGDIvWYE9rGkXF" : {
   "t" : 1397419083488,
   "y" : 603.2000122070312,
   "x" : 259.1999816894531
 },
 "-JKReUVQ8V_LXpd4q9Mv" : {
   "t" : 1397419014241,
   "y" : 612,
   "x" : 200.8000030517578
 },
 "-JKReUTmjLmZGBmli2W4" : {
   "t" : 1397419014135,
   "y" : 612,
   "x" : 200.8000030517578
 },
 "-JKReUENfEMvOuP1fqdC" : {
   "t" : 1397419011905,
   "y" : 492.79998779296875,
   "x" : 358.3999938964844
 },
 "-JKRgqJyvgmGpeytDCft" : {
   "t" : 1397419631994,
   "y" : 249.59999084472656,
   "x" : 48.79999923706055
 },
 "-JKRfcRishLJv4aMvUUw" : {
   "t" : 1397419312649,
   "y" : 256.79998779296875,
   "x" : 448
 },
 "-JKRekgZKV4O5ZushwmE" : {
   "t" : 1397419084648,
   "y" : 626.3999633789062,
   "x" : 228
 },
 "-JKRfcQm65krCaayCFqJ" : {
   "t" : 1397419312593,
   "y" : 256.79998779296875,
   "x" : 448
 },
 "-JKRn1wvm6OC2enzV5Yd" : {
   "t" : 1397421255789,
   "y" : 0,
   "x" : 0
 },
 "-JKReTr9oGEwdsv2M4NW" : {
   "t" : 1397419011415,
   "y" : 347.1999816894531,
   "x" : 716.7999877929688
 },
 "-JKRekymAzu_oWJSaBnl" : {
   "t" : 1397419082584,
   "y" : 588,
   "x" : 301.6000061035156
 },
 "-JKRfedkXGqAKbvSCTVA" : {
   "t" : 1397419321433,
   "y" : 363.1999816894531,
   "x" : 625.5999755859375
 },
 "-JKRfek_saGoCEz4ZXv1" : {
   "t" : 1397419321473,
   "y" : 363.1999816894531,
   "x" : 625.5999755859375
 },
 "-JKRfeysqGhFwxYXgocQ" : {
   "t" : 1397419323388,
   "y" : 584,
   "x" : 363.1999816894531
 },
 "-JKRgs6O_UZenJ_xaY8e" : {
   "t" : 1397419639322,
   "y" : 248.79998779296875,
   "x" : 185.59999084472656
 },
 "-JKRgngL7hgq4bQq3WY2" : {
   "t" : 1397419620828,
   "y" : 218.39999389648438,
   "x" : 369.6000061035156
 },
 "-JKRfezow_mrspNtrDBd" : {
   "t" : 1397419323449,
   "y" : 584,
   "x" : 363.1999816894531
 },
 "-JKReRcB_ZPnlaaR3vTL" : {
   "t" : 1397419002001,
   "y" : 0,
   "x" : 0
 },
 "-JKRekWK36Kgi2LffPrp" : {
   "t" : 1397419083558,
   "y" : 603.2000122070312,
   "x" : 259.1999816894531
 },
 "-JKRekyE7sqPJpFCVRlU" : {
   "t" : 1397419082540,
   "y" : 588,
   "x" : 301.6000061035156
 }
}
